INSERT INTO users (id, nickname, avatar_url, wechat_open_id, activity_label, status_label, active_baby_id) VALUES
('user-001', '糯米妈妈', 'https://images.unsplash.com/photo-1494790108377-be9c29b29330?auto=format&fit=crop&w=160&q=80', 'openid-demo-001', '高活跃', '正常', 'baby-001'),
('user-002', '暖暖爸比', 'https://images.unsplash.com/photo-1500648767791-00dcc994a43e?auto=format&fit=crop&w=160&q=80', 'openid-demo-002', '中活跃', '正常', 'baby-002'),
('user-003', '星星妈', 'https://images.unsplash.com/photo-1488426862026-3ee34a7d66df?auto=format&fit=crop&w=160&q=80', 'openid-demo-003', '低活跃', '待回访', 'baby-003'),
('user-004', '乐乐外婆', 'https://images.unsplash.com/photo-1546961329-78bef0414d7c?auto=format&fit=crop&w=160&q=80', 'openid-demo-004', '中活跃', '正常', 'baby-004'),
('user-005', '果果妈妈', 'https://images.unsplash.com/photo-1438761681033-6461ffad8d80?auto=format&fit=crop&w=160&q=80', 'openid-demo-005', '高活跃', '正常', 'baby-005');

INSERT INTO babies (id, user_id, nickname, birth_date, stage_label) VALUES
('baby-001', 'user-001', '小糯米', '2025-08-18', '碎末状辅食阶段'),
('baby-002', 'user-002', '暖暖', '2025-06-02', '软烂颗粒阶段'),
('baby-003', 'user-003', '星星', '2025-11-11', '泥糊状辅食阶段'),
('baby-004', 'user-004', '乐乐', '2024-12-20', '手抓食过渡阶段'),
('baby-005', 'user-005', '果果', '2025-04-27', '软饭阶段');

INSERT INTO baby_allergens (id, baby_id, name, severity) VALUES
('allergy-001', 'baby-001', '鸡蛋', '中'),
('allergy-002', 'baby-001', '花生', '高'),
('allergy-003', 'baby-002', '虾', '中'),
('allergy-004', 'baby-004', '牛奶', '低');

INSERT INTO baby_members (id, baby_id, user_id, role, display_name, created_at) VALUES
('member-001', 'baby-001', 'user-001', 'owner', '妈妈', '2026-04-01 08:00:00'),
('member-002', 'baby-001', 'user-004', 'caregiver', '外婆', '2026-04-03 09:30:00'),
('member-003', 'baby-002', 'user-002', 'owner', '爸爸', '2026-04-01 08:10:00'),
('member-004', 'baby-005', 'user-005', 'owner', '妈妈', '2026-04-01 08:20:00');

INSERT INTO baby_invites (id, baby_id, inviter_user_id, invitee_user_id, invitee_nickname, invitee_contact, role, status, invite_code, expires_at, responded_at, created_at) VALUES
('invite-001', 'baby-001', 'user-001', 'user-004', '乐乐外婆', 'wechat:lele-waipo', 'caregiver', 'accepted', 'invite-baby001-caregiver', '2026-04-20 23:59:59', '2026-04-03 09:20:00', '2026-04-02 18:00:00'),
('invite-002', 'baby-002', 'user-002', NULL, '暖暖妈妈', 'wechat:nuannuan-mom', 'collaborator', 'pending', 'invite-baby002-collab', '2026-04-20 23:59:59', NULL, '2026-04-10 20:00:00');

INSERT INTO recipes (id, title, summary, cover_image, age_label, age_min_months, age_max_months, duration_label, difficulty_label, source, creator, favorites, review_focus, content_status, review_status) VALUES
('recipe-001', '红薯山药小米粥', '适合 8 个月宝宝的温和早餐，帮助晨起胃口打开。', 'https://images.unsplash.com/photo-1574484284002-952d92456975?auto=format&fit=crop&w=800&q=80', '8个月+', 8, NULL, '20分钟', '初级', '营养师精品', '陈营养师', 928, '健脾唤醒肠胃', 'published', 'approved'),
('recipe-002', '鳕鱼西兰花软饭', '高蛋白午餐主食，适合提升优质蛋白摄入。', 'https://images.unsplash.com/photo-1544025162-d76694265947?auto=format&fit=crop&w=800&q=80', '8-10月', 8, 10, '25分钟', '中级', '批量导入', '运营-小顾', 314, '补充优质蛋白', 'pending_review', 'pending'),
('recipe-003', '贝贝南瓜猪肝泥', '晚间高铁修复搭配，口感细腻更易接受。', 'https://images.unsplash.com/photo-1512058564366-18510be2db19?auto=format&fit=crop&w=800&q=80', '8个月+', 8, NULL, '18分钟', '中级', '手机快速添加', '外采营养师', 122, '高铁修复', 'draft', 'none'),
('recipe-004', '鸡肉胡萝卜烂面', '适合作为午餐主食，软烂顺滑，训练吞咽。', 'https://images.unsplash.com/photo-1473093295043-cdd812d0e601?auto=format&fit=crop&w=800&q=80', '7-9月', 7, 9, '22分钟', '初级', '营养师精品', '陈营养师', 688, '细颗粒接受度高', 'published', 'approved'),
('recipe-005', '牛油果香蕉酸奶碗', '午后加餐，帮助补充能量和顺滑口感。', 'https://images.unsplash.com/photo-1488477181946-6428a0291777?auto=format&fit=crop&w=800&q=80', '1-2岁', 12, 24, '10分钟', '初级', '手机快速添加', '外采营养师', 122, '加餐接受度高', 'draft', 'none'),
('recipe-006', '菠菜猪肝软饭', '高铁主食组合，适合近期补铁强化。', 'https://images.unsplash.com/photo-1515003197210-e0cd71810b5f?auto=format&fit=crop&w=800&q=80', '10-12月', 10, 12, '28分钟', '中级', '运营补齐', '王营养师', 503, '高铁热门需求', 'pending_review', 'pending'),
('recipe-007', '三文鱼山药泥', 'DHA 和温和淀粉搭配，适合晚餐修复。', 'https://images.unsplash.com/photo-1515003197210-e0cd71810b5f?auto=format&fit=crop&w=800&q=80', '6-8月', 6, 8, '18分钟', '初级', '历史版本', '陈营养师', 503, '腥味处理需明确', 'offline', 'approved'),
('recipe-008', '苹果小米蒸糕', '手抓点心，适合上午加餐与病期恢复。', 'https://images.unsplash.com/photo-1504674900247-0877df9cc836?auto=format&fit=crop&w=800&q=80', '10个月+', 10, NULL, '26分钟', '中级', '手动创建', '陈营养师', 406, '病期点心补齐', 'pending_review', 'pending'),
('recipe-009', '山药鳕鱼小方', '适合练习抓握的软方块辅食。', 'https://images.unsplash.com/photo-1543353071-873f17a7a088?auto=format&fit=crop&w=800&q=80', '11个月+', 11, NULL, '24分钟', '中级', '营养师精品', '刘营养师', 571, '手抓食覆盖提升', 'published', 'approved'),
('recipe-010', '番茄牛肉软烩饭', '酸甜更开胃，适合午餐主食变化。', 'https://images.unsplash.com/photo-1512058564366-18510be2db19?auto=format&fit=crop&w=800&q=80', '12个月+', 12, NULL, '30分钟', '中级', '批量导入', '运营-阿辰', 362, '饭粒软度说明需加强', 'published', 'approved');

INSERT INTO recipe_tags (id, recipe_id, name) VALUES
('tag-001', 'recipe-001', '高纤维'),
('tag-002', 'recipe-001', '健脾'),
('tag-003', 'recipe-002', '优质蛋白'),
('tag-004', 'recipe-002', 'DHA'),
('tag-005', 'recipe-003', '高效补铁'),
('tag-006', 'recipe-003', '好消化'),
('tag-007', 'recipe-004', '软烂面食'),
('tag-008', 'recipe-004', '吞咽训练'),
('tag-009', 'recipe-005', '能量加餐'),
('tag-010', 'recipe-005', '顺滑口感'),
('tag-011', 'recipe-006', '高铁'),
('tag-012', 'recipe-006', '软饭'),
('tag-013', 'recipe-007', 'DHA'),
('tag-014', 'recipe-007', '健脾'),
('tag-015', 'recipe-008', '手抓点心'),
('tag-016', 'recipe-008', '病期适用'),
('tag-017', 'recipe-009', '手抓食'),
('tag-018', 'recipe-009', '优质蛋白'),
('tag-019', 'recipe-010', '开胃'),
('tag-020', 'recipe-010', '午餐主食');

INSERT INTO recipe_ingredients (id, recipe_id, name, amount, unit) VALUES
('ingredient-001', 'recipe-001', '红薯', '50', '克'),
('ingredient-002', 'recipe-001', '山药', '40', '克'),
('ingredient-003', 'recipe-001', '小米', '20', '克'),
('ingredient-004', 'recipe-002', '鸡肉', '40', '克'),
('ingredient-005', 'recipe-002', '南瓜', '60', '克'),
('ingredient-006', 'recipe-002', '宝宝面', '30', '克'),
('ingredient-007', 'recipe-003', '猪肝', '25', '克'),
('ingredient-008', 'recipe-003', '南瓜', '60', '克'),
('ingredient-009', 'recipe-003', '配方奶', '20', '毫升'),
('ingredient-010', 'recipe-004', '鸡肉', '35', '克'),
('ingredient-011', 'recipe-004', '胡萝卜', '35', '克'),
('ingredient-012', 'recipe-004', '细面', '30', '克'),
('ingredient-013', 'recipe-005', '牛油果', '40', '克'),
('ingredient-014', 'recipe-005', '香蕉', '35', '克'),
('ingredient-015', 'recipe-005', '无糖酸奶', '50', '克'),
('ingredient-016', 'recipe-006', '菠菜', '30', '克'),
('ingredient-017', 'recipe-006', '猪肝', '25', '克'),
('ingredient-018', 'recipe-006', '软饭', '60', '克'),
('ingredient-019', 'recipe-007', '三文鱼', '35', '克'),
('ingredient-020', 'recipe-007', '山药', '50', '克'),
('ingredient-021', 'recipe-008', '苹果', '50', '克'),
('ingredient-022', 'recipe-008', '小米粉', '30', '克'),
('ingredient-023', 'recipe-009', '鳕鱼', '35', '克'),
('ingredient-024', 'recipe-009', '山药', '45', '克'),
('ingredient-025', 'recipe-010', '牛肉', '40', '克'),
('ingredient-026', 'recipe-010', '番茄', '50', '克'),
('ingredient-027', 'recipe-010', '软饭', '70', '克');

INSERT INTO recipe_steps (id, recipe_id, step_no, title, description, image_url) VALUES
('step-001', 'recipe-001', 1, '浸泡小米', '小米提前浸泡 15 分钟，红薯和山药去皮切小块。', 'https://images.unsplash.com/photo-1574484284002-952d92456975?auto=format&fit=crop&w=800&q=80'),
('step-002', 'recipe-001', 2, '煮至软烂', '所有食材加水煮 18 分钟，至可轻松压碎。', 'https://images.unsplash.com/photo-1574484284002-952d92456975?auto=format&fit=crop&w=800&q=80'),
('step-003', 'recipe-001', 3, '打成细粥', '根据月龄调整浓稠度，搅打或压成细腻粥。', 'https://images.unsplash.com/photo-1574484284002-952d92456975?auto=format&fit=crop&w=800&q=80'),
('step-004', 'recipe-002', 1, '处理食材', '鸡肉焯水后剁碎，南瓜蒸软备用。', 'https://images.unsplash.com/photo-1590165482129-1b8b27698780?auto=format&fit=crop&w=800&q=80'),
('step-005', 'recipe-002', 2, '混合煮制', '宝宝面煮软后切短，与鸡肉、南瓜一起翻拌。', 'https://images.unsplash.com/photo-1544025162-d76694265947?auto=format&fit=crop&w=800&q=80'),
('step-006', 'recipe-002', 3, '调整颗粒度', '根据月龄调整颗粒度，出锅前确认温度适宜。', 'https://images.unsplash.com/photo-1544025162-d76694265947?auto=format&fit=crop&w=800&q=80'),
('step-007', 'recipe-003', 1, '焯水去腥', '猪肝切片后焯水，南瓜蒸熟备用。', 'https://images.unsplash.com/photo-1512058564366-18510be2db19?auto=format&fit=crop&w=800&q=80'),
('step-008', 'recipe-003', 2, '打泥混合', '猪肝与南瓜加少量配方奶打成细泥。', 'https://images.unsplash.com/photo-1512058564366-18510be2db19?auto=format&fit=crop&w=800&q=80'),
('step-009', 'recipe-003', 3, '小火回温', '回温至适口，确认无明显颗粒后再喂。', 'https://images.unsplash.com/photo-1512058564366-18510be2db19?auto=format&fit=crop&w=800&q=80'),
('step-010', 'recipe-006', 1, '准备食材', '菠菜焯水切碎，猪肝去筋膜后焯熟。', 'https://images.unsplash.com/photo-1515003197210-e0cd71810b5f?auto=format&fit=crop&w=800&q=80'),
('step-011', 'recipe-006', 2, '翻拌软饭', '猪肝剁细与菠菜、软饭混合，小火翻拌。', 'https://images.unsplash.com/photo-1515003197210-e0cd71810b5f?auto=format&fit=crop&w=800&q=80'),
('step-012', 'recipe-006', 3, '调整湿润度', '必要时加少量温水调节，保证易吞咽。', 'https://images.unsplash.com/photo-1515003197210-e0cd71810b5f?auto=format&fit=crop&w=800&q=80'),
('step-013', 'recipe-008', 1, '蒸熟苹果', '苹果去皮蒸熟后压泥。', 'https://images.unsplash.com/photo-1504674900247-0877df9cc836?auto=format&fit=crop&w=800&q=80'),
('step-014', 'recipe-008', 2, '混合成糊', '苹果泥与小米粉调成均匀糊状。', 'https://images.unsplash.com/photo-1504674900247-0877df9cc836?auto=format&fit=crop&w=800&q=80'),
('step-015', 'recipe-008', 3, '二次蒸制定型', '倒入模具蒸 12 分钟，稍凉后切块。', 'https://images.unsplash.com/photo-1504674900247-0877df9cc836?auto=format&fit=crop&w=800&q=80');

INSERT INTO meal_plans (id, baby_id, title, plan_date, date_label, nutrition_score, water_suggestion) VALUES
('plan-001', 'baby-001', '今日辅食计划', '2026-04-10', '今天 · 4月10日', 98, '450ml'),
('plan-002', 'baby-001', '历史辅食计划', '2026-04-09', '2026年4月9日', 100, '450ml'),
('plan-003', 'baby-001', '历史辅食计划', '2026-04-08', '2026年4月8日', 85, '420ml'),
('plan-004', 'baby-001', '历史辅食计划', '2026-04-07', '2026年4月7日', 92, '430ml'),
('plan-005', 'baby-002', '今日辅食计划', '2026-04-10', '今天 · 4月10日', 94, '500ml'),
('plan-006', 'baby-005', '今日辅食计划', '2026-04-10', '今天 · 4月10日', 96, '520ml');

INSERT INTO meal_plan_items (id, meal_plan_id, recipe_id, slot, time, title, focus) VALUES
('meal-001', 'plan-001', 'recipe-001', 'breakfast', '08:00', '红薯山药小米粥', '温和唤醒肠胃'),
('meal-002', 'plan-001', 'recipe-002', 'lunch', '12:30', '鳕鱼西兰花软饭', '补充优质蛋白'),
('meal-003', 'plan-001', 'recipe-003', 'dinner', '18:00', '贝贝南瓜猪肝泥', '晚间高铁修复'),
('meal-004', 'plan-002', 'recipe-004', 'breakfast', '08:10', '鸡肉胡萝卜烂面', '软烂面食接受良好'),
('meal-005', 'plan-002', 'recipe-009', 'lunch', '12:20', '山药鳕鱼小方', '手抓练习增加兴趣'),
('meal-006', 'plan-002', 'recipe-010', 'dinner', '17:50', '番茄牛肉软烩饭', '开胃提升晚餐完成度'),
('meal-007', 'plan-003', 'recipe-001', 'breakfast', '08:00', '红薯山药小米粥', '平稳过渡晨起胃口'),
('meal-008', 'plan-003', 'recipe-006', 'lunch', '12:10', '菠菜猪肝软饭', '高铁强化日'),
('meal-009', 'plan-003', 'recipe-005', 'snack', '15:30', '牛油果香蕉酸奶碗', '午后加餐补能量'),
('meal-010', 'plan-004', 'recipe-007', 'breakfast', '08:15', '三文鱼山药泥', '温和补充 DHA'),
('meal-011', 'plan-004', 'recipe-004', 'lunch', '12:00', '鸡肉胡萝卜烂面', '提高午餐完成度'),
('meal-012', 'plan-004', 'recipe-008', 'dinner', '17:40', '苹果小米蒸糕', '病后恢复期更易接受'),
('meal-013', 'plan-005', 'recipe-009', 'breakfast', '08:20', '山药鳕鱼小方', '适合手抓练习'),
('meal-014', 'plan-005', 'recipe-010', 'lunch', '12:40', '番茄牛肉软烩饭', '开胃提升午餐摄入'),
('meal-015', 'plan-005', 'recipe-005', 'snack', '15:20', '牛油果香蕉酸奶碗', '补充顺滑口感加餐'),
('meal-016', 'plan-006', 'recipe-004', 'breakfast', '08:05', '鸡肉胡萝卜烂面', '训练咀嚼与吞咽'),
('meal-017', 'plan-006', 'recipe-006', 'lunch', '12:15', '菠菜猪肝软饭', '高铁日重点安排'),
('meal-018', 'plan-006', 'recipe-010', 'dinner', '18:05', '番茄牛肉软烩饭', '增加主食变化');

INSERT INTO recipe_reviews (id, recipe_id, action, comment, created_at) VALUES
('review-001', 'recipe-002', 'pending', '10-12月覆盖补齐', '2026-04-09 09:10:00'),
('review-002', 'recipe-006', 'pending', '高铁热门需求，需明确猪肝处理', '2026-04-09 08:50:00'),
('review-003', 'recipe-008', 'pending', '病期点心补齐，检查甜度说明', '2026-04-09 08:35:00'),
('review-004', 'recipe-007', 'approved', '步骤图补齐后通过', '2026-04-02 16:05:00');

INSERT INTO import_jobs (id, file_name, operator, total, success, failed, status, created_at) VALUES
('import-001', '春季辅食补充批次.xlsx', '运营-小顾', 86, 78, 8, 'completed', '2026-04-09 08:40:00'),
('import-002', '病期食谱.csv', '陈营养师', 24, 24, 0, 'completed', '2026-04-08 16:12:00'),
('import-003', '月龄禁忌修订.xlsx', '管理员', 18, 15, 3, 'failed', '2026-04-07 11:20:00'),
('import-004', '高铁专题食谱.xlsx', '运营-阿辰', 42, 39, 3, 'completed', '2026-04-06 15:05:00'),
('import-005', '手抓食专题.csv', '刘营养师', 16, 14, 2, 'completed', '2026-04-05 10:18:00');

INSERT INTO guide_stages (id, key, label, title, description, feeding_tips_json, qa_json, daily_schedule_json, sort_order) VALUES
('guide-001', '6-7', '6-7月', '6-7个月：辅食初尝期', '从细腻泥糊状开始，每次只引入一种新食材，连续观察3天无异常再添加下一种。母乳/配方奶仍是主要营养来源（每日600ml以上）。',
  '["每次引入一种新食材，连续观察3天，确认无过敏或消化不适再添加下一种","质地以细腻泥糊为主，可用勺子轻压即化","辅食时间安排在哺乳后或两次哺乳之间，初期每日1次即可","铁是6个月后最关键的营养素，优先选择高铁米粉或动物性铁源"]',
  '[{"q":"宝宝不愿意张嘴怎么办？","a":"用小勺轻触嘴唇外侧，等待宝宝主动张嘴，不要强行喂入。初期接受度低属正常，连续尝试10-15天。"},{"q":"辅食后大便颜色变深/变绿正常吗？","a":"正常现象，是食物色素（如南瓜、菠菜）作用，无需担心。若出现稀水便超过3次或带血应就医。"},{"q":"需要每天吃辅食吗？","a":"初期建议每天1次，让宝宝逐渐适应。出现不适时可暂停1-2天再尝试。"}]',
  '[{"time":"08:30","title":"晨间哺乳","description":"母乳或配方奶，维持主营养来源"},{"time":"10:00","title":"辅食尝试","description":"高铁米粉或蔬菜泥，初期1-2勺，逐步增加"},{"time":"12:00","title":"午间哺乳","description":"母乳或配方奶"},{"time":"15:00","title":"下午哺乳","description":"母乳或配方奶"},{"time":"18:00","title":"傍晚哺乳","description":"母乳或配方奶，晚间不建议添加辅食"}]',
  1),
('guide-002', '8-9', '8-9月', '8-9个月：细颗粒咀嚼期', '逐步从泥糊过渡到带细小颗粒的碎末状，引导宝宝用牙龈咀嚼。每日辅食增至2次，可开始少量尝试手抓食。',
  '["质地从泥糊升级为碎末状，可保留少量小颗粒锻炼咀嚼","每日辅食次数增至2次，搭配2-3次母乳/配方奶","开始引入软质手抓食（如软苹果条、蒸熟的胡萝卜条），锻炼精细运动","鸡蛋从蛋黄开始引入，确认无过敏后再尝试全蛋"]',
  '[{"q":"宝宝还是不会咀嚼，一直吞咽怎么办？","a":"减小食物颗粒度，让宝宝先习惯口感。尝试把软食放在臼齿位置（牙床侧面），引导咀嚼动作。不要因为担心噎食而一直喂泥糊，适当颗粒感是咀嚼发展必要刺激。"},{"q":"宝宝开始用手抓碗里的食物，要阻止吗？","a":"不要阻止！手抓食是宝宝探索和自主进食的重要方式，保持卫生即可，可以准备手抓食专区。"},{"q":"引入蛋白质后大便发臭是正常的吗？","a":"正常现象。引入肉类和蛋白质后大便气味会变化，只要大便成形、宝宝状态良好即无需担心。"}]',
  '[{"time":"08:00","title":"早餐辅食","description":"碎末状主食（小米粥、烂面）+ 蔬菜碎末"},{"time":"10:00","title":"上午哺乳","description":"母乳或配方奶200ml"},{"time":"12:00","title":"午餐辅食","description":"蛋白质（鸡肉末/鱼肉末）+ 蔬菜 + 少量主食"},{"time":"15:00","title":"下午哺乳+水果","description":"母乳或配方奶 + 软质水果泥少量"},{"time":"18:00","title":"晚间哺乳","description":"母乳或配方奶，晚间辅食量少于白天"}]',
  2),
('guide-003', '10-12', '10-12月', '10-12个月：软烂固体进阶期', '食物质地接近软烂固体，可提供更丰富的主食形式。每日三餐节律初步建立，手抓食比例增加，自主进食意愿增强。',
  '["质地升级为软烂块状，手指可轻松压碎即可","每日三餐+1-2次加餐节律初步建立，规律进食时间","手抓食占比增加：蒸糕、馒头小块、软煮蔬菜段都适合","食物种类基本覆盖六大类，但仍需无盐或极低盐"]',
  '[{"q":"宝宝开始挑食，只吃某几样东西怎么办？","a":"保持食物多样性，用已接受的食物带出新食物（如米饭混入少量新蔬菜）。不要强迫，也不要因拒绝就彻底放弃某种食物，一般需要尝试10-15次宝宝才会接受。"},{"q":"可以加盐了吗？","a":"不建议。1岁前肾脏功能发育未成熟，食物天然钠含量已足够。1岁后可极少量添加，每日盐摄入应低于1克。"},{"q":"宝宝到了饭点还要吃奶，怎么断奶过渡？","a":"可先保留早晚两次哺乳，三餐逐步以固体食物为主。断奶不必急于一时，顺应宝宝节奏更重要。"}]',
  '[{"time":"07:30","title":"早餐","description":"软饭或粥 + 蛋羹/肉末 + 蔬菜"},{"time":"10:00","title":"上午加餐","description":"水果块或软质手抓食小点心"},{"time":"12:00","title":"午餐","description":"主食 + 蛋白质 + 蔬菜，可尝试和家人同桌"},{"time":"15:00","title":"下午加餐","description":"母乳/配方奶 + 手抓小食"},{"time":"18:00","title":"晚餐","description":"以易消化食物为主，不宜过饱"}]',
  3),
('guide-004', '12-18', '12-18月', '12-18个月：三餐规律建立期', '逐步断奶过渡，建立一日三餐加两次点心的节律。食物种类与大人同桌，但需单独调味（无盐或极低盐），重点培养自主进食能力。',
  '["一日三餐加两次点心节律稳固，减少哺乳次数","允许少量盐（每日<1克），避免酱油、鸡精等加工调味品","鼓励自主进食，提供适合手抓的食物形状，允许''脏乱''","若出现明显挑食，先排除生病或出牙期影响，再考虑进食行为引导"]',
  '[{"q":"宝宝开始扔碗、玩食物，要制止吗？","a":"适度允许宝宝探索食物，这是感官发展的正常过程。可设定进食区域和时间，超过30分钟无进食意愿则撤掉，不要边玩边喂或边看电视边喂。"},{"q":"宝宝突然不爱吃饭了，是挑食还是厌食期？","a":"12-18月龄宝宝生长速度放缓，食欲自然下降，属正常生理现象。保持规律进餐时间，不强迫，不追喂，出牙期也会影响食欲。"},{"q":"需要额外补充维生素D和钙吗？","a":"若户外活动不足，建议继续补充维生素D（400IU/天）。饮食中奶制品（酸奶、奶酪）和绿叶蔬菜可补充钙，一般无需额外补钙。"}]',
  '[{"time":"07:30","title":"早餐","description":"杂粮粥/面条/馒头 + 蛋类 + 蔬菜"},{"time":"10:00","title":"上午点心","description":"水果、酸奶或全麦小饼干"},{"time":"12:00","title":"午餐","description":"软饭 + 荤素搭配，尝试同桌进食"},{"time":"15:00","title":"下午点心","description":"水果或少量坚果碎拌入酸奶"},{"time":"18:30","title":"晚餐","description":"主食 + 蔬菜 + 蛋白质，清淡易消化"}]',
  4),
('guide-005', '18-24', '18-24月', '18-24个月：食物多样性培养期', '饮食接近成人，重点培养不挑食习惯，丰富食物色彩与口味多样性。继续控盐少油，鼓励宝宝参与简单备餐环节增加进食兴趣。',
  '["每日食物争取覆盖5种颜色，培养多样性饮食习惯","盐每日<2克，仍需低于成人标准，避免加工食品","可尝试用宝宝安全餐具自主进食，允许进食节奏慢","睡前1小时避免高糖高脂食物，建立良好进食与睡眠节律"]',
  '[{"q":"宝宝特别爱吃甜食零食，怎么控制？","a":"不完全禁止但严格限量，将零食安排在固定点心时间（每日1-2次），用天然甜食替代（水果、低糖酸奶）。避免用甜食作为奖励或安慰，以免建立情绪性进食模式。"},{"q":"偏食非常严重，几乎不吃蔬菜怎么办？","a":"尝试将蔬菜藏入主食（菜肉包、菜饺）、改变烹饪方式（蒸/烤更香），让宝宝参与洗菜/择菜过程增加熟悉感。坚持提供，不强迫，大多数宝宝随年龄增长会改善。"},{"q":"宝宝可以喝鲜奶了吗？","a":"2岁后可以喝全脂鲜奶，每日建议量350-500ml。但鲜奶不能替代正餐，应作为点心或加餐的一部分。"}]',
  '[{"time":"07:30","title":"早餐","description":"杂粮主食 + 蛋类或豆制品 + 蔬菜"},{"time":"10:00","title":"上午点心","description":"当季水果 + 少量坚果碎"},{"time":"12:00","title":"午餐","description":"五颜六色搭配，荤素比例约1:2"},{"time":"15:00","title":"下午点心","description":"低糖酸奶或全麦面包片"},{"time":"18:30","title":"晚餐","description":"清淡为主，适当减少主食比例避免积食"}]',
  5);

INSERT INTO guide_food_rules (id, stage_id, type, title, foods_json) VALUES
-- 6-7月
('guide-rule-001', 'guide-001', 'recommended', '推荐添加', '["高铁米粉","南瓜泥","红薯泥","鸡肉泥","猪肝泥","苹果泥","香蕉泥","西兰花泥","胡萝卜泥","豌豆泥"]'),
('guide-rule-002', 'guide-001', 'cautious', '谨慎尝试', '["鸡蛋黄（少量开始）","三文鱼泥","牛肉泥","菠菜泥（需焯水去草酸）"]'),
('guide-rule-003', 'guide-001', 'forbidden', '严格禁止', '["蜂蜜","食盐","糖","整粒坚果","鲜奶（作为主饮）","加工零食","虾蟹类","花生酱"]'),
-- 8-9月
('guide-rule-004', 'guide-002', 'recommended', '推荐添加', '["软饭","小面片","牛油果块","鸡蛋羹","豆腐","鳕鱼","猪肉末","黄瓜条","土豆泥","玉米糊"]'),
('guide-rule-005', 'guide-002', 'cautious', '谨慎尝试', '["虾泥","芝麻酱","全蛋（先引入蛋白）","菌菇类","草莓","猕猴桃"]'),
('guide-rule-006', 'guide-002', 'forbidden', '严格禁止', '["蜂蜜","食盐","糖","整粒葡萄","整粒坚果","加工火腿肠","含糖饮料","辛辣刺激食物"]'),
-- 10-12月
('guide-rule-007', 'guide-003', 'recommended', '推荐添加', '["番茄牛肉软饭","蒸糕","软煮蔬菜段","蛋饼","馒头小块","原味奶酪","时令水果块","肉丸"]'),
('guide-rule-008', 'guide-003', 'cautious', '谨慎尝试', '["贝类（蛤蜊等）","芒果（过敏风险）","花生碎（混入食物）","菠萝"]'),
('guide-rule-009', 'guide-003', 'forbidden', '严格禁止', '["蜂蜜","食盐（每日<1克）","整粒坚果","爆米花","加工肉制品","含糖饮料","茶和咖啡"]'),
-- 12-18月
('guide-rule-010', 'guide-004', 'recommended', '推荐添加', '["杂粮软饭","蒸蛋","清蒸鱼","豆腐脑","少油清炒蔬菜","酸奶","全麦面包","各类瓜果","牛肉丸","虾仁"]'),
('guide-rule-011', 'guide-004', 'cautious', '谨慎尝试', '["坚果碎（混入食物中）","生冷水果（少量）","花生酱（薄涂）","低辣食物"]'),
('guide-rule-012', 'guide-004', 'forbidden', '严格禁止', '["蜂蜜","高盐腌制食品","含糖饮料","碳酸饮料","果冻","整粒坚果","辛辣食物","咖啡因饮品"]'),
-- 18-24月
('guide-rule-013', 'guide-005', 'recommended', '推荐添加', '["各色深色蔬菜","杂粮饭","瘦肉","鸡蛋","豆制品","鱼虾","新鲜水果","低糖酸奶","坚果碎","菌菇类"]'),
('guide-rule-014', 'guide-005', 'cautious', '谨慎尝试', '["生鱼片","半生熟蛋","少量调味料","偶尔低糖零食"]'),
('guide-rule-015', 'guide-005', 'forbidden', '严格禁止', '["含添加糖饮料","高盐零食（薯片饼干）","频繁油炸食品","含糖调味乳","整粒坚果","咖啡因饮品"]');

INSERT INTO symptom_guides (id, symptom, title) VALUES
('symptom-001', '腹泻', '腹泻期饮食建议'),
('symptom-002', '便秘', '便秘期饮食建议'),
('symptom-003', '感冒', '感冒期饮食建议');

INSERT INTO symptom_food_rules (id, symptom_guide_id, type, food, reason) VALUES
('symptom-rule-001', 'symptom-001', 'avoid', '高油脂食物', '会增加肠胃负担。'),
('symptom-rule-002', 'symptom-001', 'recommended', '焦米粥', '更温和，利于恢复。'),
('symptom-rule-003', 'symptom-002', 'recommended', '西梅泥', '帮助增加膳食纤维摄入。'),
('symptom-rule-004', 'symptom-002', 'avoid', '高糖点心', '会挤占正餐并影响排便节律。'),
('symptom-rule-005', 'symptom-003', 'recommended', '温热软粥', '更易吞咽，减轻不适。');

INSERT INTO recipe_versions (id, recipe_id, version_no, snapshot, created_at) VALUES
('version-001', 'recipe-002', 1, '{"title":"鳕鱼西兰花软饭","summary":"高蛋白午餐主食"}', '2026-04-08 18:22:00'),
('version-002', 'recipe-006', 2, '{"title":"菠菜猪肝软饭","summary":"高铁主食组合"}', '2026-04-09 08:40:00');

INSERT INTO system_settings (id, setting_key, setting_val) VALUES
('setting-001', 'app_name', '养娃小管家'),
('setting-002', 'share_slogan', '科学辅食，悦享成长'),
('setting-003', 'home_hero_text', '根据宝宝成长阶段生成今日辅食'),
('setting-004', 'daily_reminder', '08:00 自动推送'),
('setting-005', 'export_permission', '运营经理以上可导出'),
('setting-006', 'account_roles', '管理员 / 运营 / 营养师 / 审核员');

-- 注意：vaccine_schedules 表需要添加 price 字段来存储自费疫苗价格
-- 如果表结构中没有 price 字段，需要先执行：ALTER TABLE vaccine_schedules ADD COLUMN price DECIMAL(10,2);
-- 这里暂时在 description 中包含价格信息

INSERT INTO vaccine_schedules (id, name, disease, stage_label, recommended_age_label, category, description, precautions_json, sort_order) VALUES
-- 免费疫苗（国家免疫规划）
('vaccine-schedule-001', '乙肝疫苗第1剂', '乙型肝炎', '出生', '出生24小时内', 'free', '新生儿出生后尽早接种，建立早期保护。', '["接种前确认无发热或急性不适","接种后留观30分钟","留意局部红肿和精神状态"]', 1),
('vaccine-schedule-002', '卡介苗', '结核病', '出生', '出生后尽早', 'free', '用于预防重症结核病，通常在产院完成。', '["接种部位保持清洁干燥","结痂过程避免抓挠","如出现明显化脓请咨询门诊"]', 2),
('vaccine-schedule-003', '乙肝疫苗第2剂', '乙型肝炎', '1月龄', '满1月龄', 'free', '乙肝疫苗第二剂，继续建立免疫保护。', '["接种前确认无发热","接种后留观30分钟","注意观察接种部位"]', 3),
('vaccine-schedule-004', '脊灰灭活疫苗第1剂', '脊髓灰质炎', '2月龄', '满2月龄', 'free', '国家免疫规划内基础接种。', '["接种当日避免剧烈活动","如有低热通常可先观察","按预约时间完成后续剂次"]', 4),
('vaccine-schedule-005', '脊灰灭活疫苗第2剂', '脊髓灰质炎', '3月龄', '满3月龄', 'free', '脊灰疫苗第二剂，加强免疫。', '["接种当日避免剧烈活动","如有低热通常可先观察","按预约时间完成后续剂次"]', 5),
('vaccine-schedule-006', '百白破疫苗第1剂', '百日咳/白喉/破伤风', '3月龄', '满3月龄', 'free', '基础免疫的重要组成部分。', '["如接种后哭闹可先安抚观察","局部轻微红肿一般可自行缓解","高热或持续不适及时就医"]', 6),
('vaccine-schedule-007', '脊灰灭活疫苗第3剂', '脊髓灰质炎', '4月龄', '满4月龄', 'free', '脊灰疫苗第三剂，继续加强。', '["接种当日避免剧烈活动","如有低热通常可先观察","按预约时间完成后续剂次"]', 7),
('vaccine-schedule-008', '百白破疫苗第2剂', '百日咳/白喉/破伤风', '4月龄', '满4月龄', 'free', '百白破疫苗第二剂。', '["如接种后哭闹可先安抚观察","局部轻微红肿一般可自行缓解","高热或持续不适及时就医"]', 8),
('vaccine-schedule-009', '百白破疫苗第3剂', '百日咳/白喉/破伤风', '5月龄', '满5月龄', 'free', '百白破疫苗第三剂，完成基础免疫。', '["如接种后哭闹可先安抚观察","局部轻微红肿一般可自行缓解","高热或持续不适及时就医"]', 9),
('vaccine-schedule-010', '乙肝疫苗第3剂', '乙型肝炎', '6月龄', '满6月龄', 'free', '乙肝疫苗第三剂，完成基础免疫。', '["接种前确认无发热","接种后留观30分钟","注意观察接种部位"]', 10),
('vaccine-schedule-011', 'A群流脑疫苗第1剂', '流行性脑脊髓膜炎', '6月龄', '满6月龄', 'free', '预防流脑，保护婴幼儿健康。', '["接种前确认无发热","接种后留观30分钟","注意观察精神状态"]', 11),
('vaccine-schedule-012', '麻腮风疫苗第1剂', '麻疹/腮腺炎/风疹', '8月龄', '满8月龄', 'free', '预防麻疹、腮腺炎和风疹的联合疫苗。', '["接种前确认无发热","接种后可能出现低热","一般3-5天可自行缓解"]', 12),
('vaccine-schedule-013', '乙脑减毒活疫苗第1剂', '流行性乙型脑炎', '8月龄', '满8月龄', 'free', '预防乙脑，夏秋季高发。', '["接种前确认无发热","接种后留观30分钟","注意防蚊"]', 13),
('vaccine-schedule-014', 'A群流脑疫苗第2剂', '流行性脑脊髓膜炎', '9月龄', '满9月龄', 'free', 'A群流脑疫苗第二剂，加强免疫。', '["接种前确认无发热","接种后留观30分钟","注意观察精神状态"]', 14),
('vaccine-schedule-015', '甲肝减毒活疫苗', '甲型肝炎', '18月龄', '满18月龄', 'free', '预防甲肝，保护肝脏健康。', '["接种前确认无发热","接种后留观30分钟","注意饮食卫生"]', 15),
('vaccine-schedule-016', '百白破疫苗第4剂', '百日咳/白喉/破伤风', '18月龄', '18-24月龄', 'free', '百白破疫苗加强针。', '["如接种后哭闹可先安抚观察","局部轻微红肿一般可自行缓解","高热或持续不适及时就医"]', 16),
('vaccine-schedule-017', '麻腮风疫苗第2剂', '麻疹/腮腺炎/风疹', '18月龄', '18-24月龄', 'free', '麻腮风疫苗加强针。', '["接种前确认无发热","接种后可能出现低热","一般3-5天可自行缓解"]', 17),
('vaccine-schedule-018', '乙脑减毒活疫苗第2剂', '流行性乙型脑炎', '2岁', '满2岁', 'free', '乙脑疫苗加强针。', '["接种前确认无发热","接种后留观30分钟","注意防蚊"]', 18),
('vaccine-schedule-019', 'A+C群流脑疫苗第1剂', '流行性脑脊髓膜炎', '3岁', '满3岁', 'free', 'A+C群流脑疫苗，扩大保护范围。', '["接种前确认无发热","接种后留观30分钟","注意观察精神状态"]', 19),
('vaccine-schedule-020', 'A+C群流脑疫苗第2剂', '流行性脑脊髓膜炎', '6岁', '满6岁', 'free', 'A+C群流脑疫苗加强针。', '["接种前确认无发热","接种后留观30分钟","注意观察精神状态"]', 20),
('vaccine-schedule-021', '脊灰疫苗第4剂', '脊髓灰质炎', '4岁', '满4岁', 'free', '脊灰疫苗加强针。', '["接种当日避免剧烈活动","如有低热通常可先观察","按预约时间完成"]', 21),
('vaccine-schedule-022', '白破疫苗', '白喉/破伤风', '6岁', '满6岁', 'free', '白破二联疫苗，加强免疫。', '["接种前确认无发热","接种后留观30分钟","注意观察接种部位"]', 22),
-- 自费疫苗（可选）
('vaccine-schedule-023', '13价肺炎球菌结合疫苗第1剂', '肺炎球菌感染', '2月龄', '满2月龄', 'optional', '预防肺炎球菌感染，减少肺炎、中耳炎等风险。广州地区参考价格：698元/针。', '["结合门诊库存提前预约","如近期生病建议咨询医生后再定","接种后注意补水和休息"]', 23),
('vaccine-schedule-024', '13价肺炎球菌结合疫苗第2剂', '肺炎球菌感染', '4月龄', '满4月龄', 'optional', '13价肺炎疫苗第二剂。广州地区参考价格：698元/针。', '["结合门诊库存提前预约","如近期生病建议咨询医生后再定","接种后注意补水和休息"]', 24),
('vaccine-schedule-025', '13价肺炎球菌结合疫苗第3剂', '肺炎球菌感染', '6月龄', '满6月龄', 'optional', '13价肺炎疫苗第三剂。广州地区参考价格：698元/针。', '["结合门诊库存提前预约","如近期生病建议咨询医生后再定","接种后注意补水和休息"]', 25),
('vaccine-schedule-026', '13价肺炎球菌结合疫苗加强剂', '肺炎球菌感染', '12-15月龄', '12-15月龄', 'optional', '13价肺炎疫苗加强针。广州地区参考价格：698元/针。', '["结合门诊库存提前预约","如近期生病建议咨询医生后再定","接种后注意补水和休息"]', 26),
('vaccine-schedule-027', 'Hib疫苗第1剂', 'b型流感嗜血杆菌', '2月龄', '满2月龄', 'optional', '预防Hib引起的脑膜炎、肺炎等严重疾病。广州地区参考价格：160元/针。', '["接种前确认无发热","接种后留观30分钟","注意观察精神状态"]', 27),
('vaccine-schedule-028', 'Hib疫苗第2剂', 'b型流感嗜血杆菌', '3月龄', '满3月龄', 'optional', 'Hib疫苗第二剂。广州地区参考价格：160元/针。', '["接种前确认无发热","接种后留观30分钟","注意观察精神状态"]', 28),
('vaccine-schedule-029', 'Hib疫苗第3剂', 'b型流感嗜血杆菌', '4月龄', '满4月龄', 'optional', 'Hib疫苗第三剂。广州地区参考价格：160元/针。', '["接种前确认无发热","接种后留观30分钟","注意观察精神状态"]', 29),
('vaccine-schedule-030', 'Hib疫苗加强剂', 'b型流感嗜血杆菌', '18月龄', '18月龄', 'optional', 'Hib疫苗加强针。广州地区参考价格：160元/针。', '["接种前确认无发热","接种后留观30分钟","注意观察精神状态"]', 30),
('vaccine-schedule-031', '五联疫苗第1剂', '百日咳/白喉/破伤风/脊灰/Hib', '2月龄', '满2月龄', 'optional', '五联疫苗可替代百白破、脊灰和Hib，减少接种次数。广州地区参考价格：698-780元/针。', '["接种前确认无发热","接种后留观30分钟","注意观察接种部位"]', 31),
('vaccine-schedule-032', '五联疫苗第2剂', '百日咳/白喉/破伤风/脊灰/Hib', '3月龄', '满3月龄', 'optional', '五联疫苗第二剂。广州地区参考价格：698-780元/针。', '["接种前确认无发热","接种后留观30分钟","注意观察接种部位"]', 32),
('vaccine-schedule-033', '五联疫苗第3剂', '百日咳/白喉/破伤风/脊灰/Hib', '4月龄', '满4月龄', 'optional', '五联疫苗第三剂。广州地区参考价格：698-780元/针。', '["接种前确认无发热","接种后留观30分钟","注意观察接种部位"]', 33),
('vaccine-schedule-034', '五联疫苗第4剂', '百日咳/白喉/破伤风/脊灰/Hib', '18月龄', '18月龄', 'optional', '五联疫苗加强针。广州地区参考价格：698-780元/针。', '["接种前确认无发热","接种后留观30分钟","注意观察接种部位"]', 34),
('vaccine-schedule-035', '轮状病毒疫苗', '轮状病毒感染', '2月龄-3岁', '2月龄起', 'optional', '预防轮状病毒引起的腹泻，口服疫苗。广州地区参考价格：国产148元/剂，进口280元/剂。', '["口服疫苗，接种前后半小时避免进食","如有腹泻暂缓接种","接种后注意观察"]', 35),
('vaccine-schedule-036', '手足口疫苗第1剂', '手足口病（EV71）', '6月龄', '6月龄-5岁', 'optional', '预防EV71型手足口病，减少重症风险。广州地区参考价格：188-218元/针。', '["接种前确认无发热","接种后留观30分钟","注意手部卫生"]', 36),
('vaccine-schedule-037', '手足口疫苗第2剂', '手足口病（EV71）', '7月龄', '间隔1个月', 'optional', '手足口疫苗第二剂，完成基础免疫。广州地区参考价格：188-218元/针。', '["接种前确认无发热","接种后留观30分钟","注意手部卫生"]', 37),
('vaccine-schedule-038', '水痘疫苗第1剂', '水痘', '12月龄', '满12月龄', 'optional', '预防水痘，减少传染风险。广州地区参考价格：160-180元/针。', '["接种前确认无发热","接种后可能出现轻微皮疹","一般可自行缓解"]', 38),
('vaccine-schedule-039', '水痘疫苗第2剂', '水痘', '4岁', '满4岁', 'optional', '水痘疫苗加强针，提高保护效果。广州地区参考价格：160-180元/针。', '["接种前确认无发热","接种后可能出现轻微皮疹","一般可自行缓解"]', 39),
('vaccine-schedule-040', '流感疫苗', '流行性感冒', '6月龄+', '每年流感季前', 'optional', '流感季前接种更有利于建立保护，每年需接种。广州地区参考价格：国产58-88元/针，进口128-158元/针。', '["首次接种可能需按程序完成剂次","接种后当天避免过度劳累","如鸡蛋严重过敏请提前告知医生"]', 40),
('vaccine-schedule-041', '23价肺炎球菌多糖疫苗', '肺炎球菌感染', '2岁+', '满2岁（高风险儿童优先）', 'optional', '覆盖更多血清型，适合2岁以上高风险儿童。广州地区参考价格：198-228元/针。', '["接种前确认无发热","接种后留观30分钟","功能性或解剖性无脾等高风险儿童可优先评估"]', 41),
('vaccine-schedule-042', '五价轮状病毒疫苗第1剂', '轮状病毒感染', '2-3月龄', '满6周龄起，首剂不晚于12周龄', 'optional', '口服五价重配轮状病毒减毒活疫苗第1剂。按广东/广州常用程序共3剂，第3剂不晚于32周龄。', '["口服疫苗，接种前后半小时避免进食","各剂间隔4-10周","首剂应尽早开始，不晚于12周龄"]', 42),
('vaccine-schedule-043', '五价轮状病毒疫苗第2剂', '轮状病毒感染', '3-5月龄', '与第1剂间隔4-10周', 'optional', '口服五价重配轮状病毒减毒活疫苗第2剂。', '["口服疫苗，接种前后半小时避免进食","若近期腹泻或呕吐需先咨询门诊","按预约时间完成后续剂次"]', 43),
('vaccine-schedule-044', '五价轮状病毒疫苗第3剂', '轮状病毒感染', '4-7月龄', '与第2剂间隔4-10周，且第3剂不晚于32周龄', 'optional', '口服五价重配轮状病毒减毒活疫苗第3剂，完成3剂程序。', '["口服疫苗，接种前后半小时避免进食","第3剂需在32周龄前完成","完成全程后保护更稳定"]', 44),
('vaccine-schedule-045', '四联疫苗第1剂', '百日咳/白喉/破伤风/Hib', '3月龄', '满3月龄', 'optional', '无细胞百白破-Hib联合疫苗第1剂，可替代百白破和Hib的对应剂次。', '["接种前确认无发热","接种后留观30分钟","如已选择五联疫苗通常无需重复接种"]', 45),
('vaccine-schedule-046', '四联疫苗第2剂', '百日咳/白喉/破伤风/Hib', '4月龄', '满4月龄', 'optional', '无细胞百白破-Hib联合疫苗第2剂。', '["与前一剂保持程序间隔","接种后注意观察精神状态","局部轻微红肿一般可自行缓解"]', 46),
('vaccine-schedule-047', '四联疫苗第3剂', '百日咳/白喉/破伤风/Hib', '5月龄', '满5月龄', 'optional', '无细胞百白破-Hib联合疫苗第3剂，完成基础免疫。', '["按预约时间完成基础免疫","接种后注意休息补水","若选择五联疫苗通常无需重复接种"]', 47),
('vaccine-schedule-048', '四联疫苗第4剂', '百日咳/白喉/破伤风/Hib', '18月龄', '18-24月龄加强1剂', 'optional', '无细胞百白破-Hib联合疫苗加强剂。', '["加强剂建议按程序完成","接种后留观30分钟","如已选择五联疫苗通常无需重复接种"]', 48),
('vaccine-schedule-049', '脊灰灭活疫苗（自费）第1剂', '脊髓灰质炎', '2月龄', '满2月龄', 'optional', '自费全程灭活脊灰疫苗第1剂。广东非免疫规划程序为2、3、4月龄基础3剂，18月龄加强1剂。', '["与门诊确认是否作为全程灭活方案接种","接种后留观30分钟","按程序完成后续剂次"]', 49),
('vaccine-schedule-050', '脊灰灭活疫苗（自费）第2剂', '脊髓灰质炎', '3月龄', '满3月龄', 'optional', '自费全程灭活脊灰疫苗第2剂。', '["与前一剂保持程序间隔","接种后注意观察","如改用联合疫苗需由门诊确认程序衔接"]', 50),
('vaccine-schedule-051', '脊灰灭活疫苗（自费）第3剂', '脊髓灰质炎', '4月龄', '满4月龄', 'optional', '自费全程灭活脊灰疫苗第3剂，完成基础免疫。', '["按程序完成基础3剂","接种后避免剧烈活动","如有异常反应及时联系门诊"]', 51),
('vaccine-schedule-052', '脊灰灭活疫苗（自费）加强剂', '脊髓灰质炎', '18月龄', '满18月龄', 'optional', '自费全程灭活脊灰疫苗加强剂。', '["加强剂建议按时完成","接种后留观30分钟","与既往接种记录一并核对"]', 52),
('vaccine-schedule-053', '乙脑灭活疫苗第1剂', '流行性乙型脑炎', '8月龄', '满8月龄', 'optional', '乙型脑炎灭活疫苗第1剂。广东非免疫规划程序为8月龄2剂，间隔7-10天，2岁和6岁各加强1剂。', '["接种前确认无发热","接种后留观30分钟","夏秋季前完成更有利于建立保护"]', 53),
('vaccine-schedule-054', '乙脑灭活疫苗第2剂', '流行性乙型脑炎', '8月龄', '第1剂后7-10天', 'optional', '乙型脑炎灭活疫苗第2剂，完成基础2剂。', '["注意与第1剂间隔7-10天","接种后留观30分钟","按门诊预约完成基础免疫"]', 54),
('vaccine-schedule-055', '乙脑灭活疫苗第3剂', '流行性乙型脑炎', '2岁', '满2岁', 'optional', '乙型脑炎灭活疫苗第3剂（第1次加强）。', '["加强剂前核对既往2剂记录","接种后注意观察精神状态","必要时与门诊确认程序衔接"]', 55),
('vaccine-schedule-056', '乙脑灭活疫苗第4剂', '流行性乙型脑炎', '6岁', '满6岁', 'optional', '乙型脑炎灭活疫苗第4剂（第2次加强）。', '["建议入学前完成程序核对","接种后留观30分钟","如已走减毒活疫苗程序需先咨询门诊"]', 56),
('vaccine-schedule-057', '甲肝灭活疫苗第1剂', '甲型肝炎', '18月龄', '18月龄及以上', 'optional', '甲型肝炎灭活疫苗第1剂。广东非免疫规划程序为2剂，两剂间隔至少6个月。', '["接种前确认无发热","接种后留观30分钟","注意与减毒活甲肝疫苗不要重复程序"]', 57),
('vaccine-schedule-058', '甲肝灭活疫苗第2剂', '甲型肝炎', '2岁', '与第1剂间隔至少6个月', 'optional', '甲型肝炎灭活疫苗第2剂，完成2剂程序。', '["与第1剂至少间隔6个月","完成2剂后保护更完整","按门诊预约时间完成"]', 58);

INSERT INTO vaccine_records (id, baby_id, schedule_id, status, vaccinated_at, note, created_at, updated_at) VALUES
('vaccine-record-001', 'baby-001', 'vaccine-schedule-001', 'completed', '2025-08-18', '出生当天产院完成。', '2025-08-18 10:10:00', '2025-08-18 10:10:00'),
('vaccine-record-002', 'baby-001', 'vaccine-schedule-002', 'completed', '2025-08-19', '出院前已接种。', '2025-08-19 09:20:00', '2025-08-19 09:20:00'),
('vaccine-record-003', 'baby-001', 'vaccine-schedule-003', 'completed', '2025-10-20', '社区门诊完成。', '2025-10-20 14:00:00', '2025-10-20 14:00:00'),
('vaccine-record-004', 'baby-001', 'vaccine-schedule-004', 'completed', '2025-11-18', '接种后轻微哭闹，已缓解。', '2025-11-18 11:00:00', '2025-11-18 11:00:00'),
('vaccine-record-005', 'baby-001', 'vaccine-schedule-005', 'pending', NULL, '计划下周预约接种。', '2026-04-01 08:00:00', '2026-04-08 08:30:00'),
('vaccine-record-006', 'baby-001', 'vaccine-schedule-006', 'optional', NULL, '准备流感季前与儿保门诊确认。', '2026-04-01 08:10:00', '2026-04-09 19:30:00'),
('vaccine-record-007', 'baby-002', 'vaccine-schedule-001', 'completed', '2025-06-02', '出生当天完成。', '2025-06-02 12:00:00', '2025-06-02 12:00:00'),
('vaccine-record-008', 'baby-002', 'vaccine-schedule-003', 'completed', '2025-08-05', '按社区计划完成。', '2025-08-05 15:00:00', '2025-08-05 15:00:00'),
('vaccine-record-009', 'baby-005', 'vaccine-schedule-001', 'completed', '2025-04-27', '出生当天完成。', '2025-04-27 09:00:00', '2025-04-27 09:00:00'),
('vaccine-record-010', 'baby-005', 'vaccine-schedule-006', 'pending', NULL, '家长准备本月预约。', '2026-04-02 10:00:00', '2026-04-10 09:15:00');

INSERT INTO knowledge_articles (id, title, subtitle, summary, cover_image, category_key, category_label, tags_json, content_type, content, is_featured, content_status, sort_order, created_at, updated_at) VALUES
('knowledge-001', '6个月开始加辅食的3个关键信号', '先看准备度，再看月龄', '帮助家长判断宝宝是否具备开始添加辅食的基础条件，避免只按月龄机械执行。', 'https://images.unsplash.com/photo-1512621776951-a57141f2eefd?auto=format&fit=crop&w=800&q=80', 'feeding-basics', '辅食基础', '["加辅食","6个月","准备信号"]', 'guide', '## 观察准备度\n宝宝能较稳地扶坐、挺舌反射减弱、对大人食物表现兴趣，通常说明已具备开始尝试辅食的基础。\n\n## 第一次怎么安排\n建议从高铁米粉或单一食材泥开始，每次少量，连续观察3天。\n\n## 需要避免什么\n不要同时引入多种新食材，也不要急于追求吃得多。', true, 'published', 1, '2026-04-05 09:00:00', '2026-04-08 12:00:00'),
('knowledge-002', '宝宝补铁怎么吃更高效', '从食材组合提升铁吸收率', '围绕高铁食材、搭配方式和常见误区，给家长一份可执行的补铁饮食清单。', 'https://images.unsplash.com/photo-1490645935967-10de6ba17061?auto=format&fit=crop&w=800&q=80', 'nutrition', '营养重点', '["补铁","猪肝","高铁食谱"]', 'article', '## 优先考虑血红素铁\n红肉、猪肝等动物性食材中的铁更容易吸收。\n\n## 搭配维C食材\n番茄、西兰花、彩椒等富含维生素C的食材有助于提升吸收。\n\n## 常见误区\n补铁不等于顿顿吃猪肝，频率和总量都要适度。', false, 'published', 2, '2026-04-03 10:00:00', '2026-04-07 18:20:00'),
('knowledge-003', '腹泻期宝宝怎么吃更稳妥', '病期饮食先保水分和耐受', '从进食节奏、推荐食材和需要暂避的食物三方面，给出腹泻期饮食建议。', 'https://images.unsplash.com/photo-1498837167922-ddd27525d352?auto=format&fit=crop&w=800&q=80', 'illness', '病期护理', '["腹泻","病期适用","补水"]', 'taboo', '## 先观察精神状态\n如果宝宝精神差、尿量明显减少，应及时就医。\n\n## 饮食上怎么做\n可优先选择温热软烂、低油低糖的食物，少量多次。\n\n## 暂时避免\n高糖点心、油炸食物和生冷刺激食材要暂避。', false, 'published', 3, '2026-04-04 11:30:00', '2026-04-06 16:40:00'),
('knowledge-004', '过敏原引入的安全节奏', '一次一种，连续观察', '整理鸡蛋、花生、奶制品等高风险食材的引入原则，帮助家长减少焦虑。', 'https://images.unsplash.com/photo-1584820927498-cfe5211fd8bf?auto=format&fit=crop&w=800&q=80', 'allergy', '过敏与禁忌', '["过敏原","鸡蛋","观察期"]', 'guide', '## 一次只引入一种\n每种新食材建议连续观察2-3天，再决定是否增加量或加入下一种。\n\n## 从少量开始\n首日仅尝试少量，观察皮疹、呕吐、腹泻等反应。\n\n## 有家族过敏史怎么办\n可提前与儿科医生沟通，再制定更稳妥的尝试计划。', false, 'published', 4, '2026-04-02 14:00:00', '2026-04-09 20:00:00'),
-- 办证指南（广州/广东）8篇
('knowledge-005', '宝宝出生后要办哪些证？一张流程图搞定', '广州新手爸妈办证时间线', '按“出生当日-1个月-3个月”梳理新生儿证件办理顺序，减少漏办和反复跑腿。', 'https://images.unsplash.com/photo-1484480974693-6ca0a78fb36b?auto=format&fit=crop&w=800&q=80', 'certificate', '办证指南', '["新生儿办证","流程图","广州","出生证明","户口","医保"]', 'guide', '## 核心思路\n先办出生医学证明，再办户口，再做医保参保与社保卡制卡。\n\n## 推荐办理顺序\n1) 出生医学证明（医院）\n2) 预防接种证（产院/接种门诊）\n3) 户口登记（公安户政）\n4) 居民医保参保（医保经办/线上）\n5) 社保卡与医保电子凭证\n\n## 广州办理提醒\n优先走"一件事联办"与线上渠道，能减少材料重复提交。\n\n## 信息更新时间\n2026-05（具体以广州各区受理窗口最新口径为准）', true, 'published', 5, '2026-05-02 09:00:00', '2026-05-02 09:00:00'),
('knowledge-006', '出生证明办理攻略（医院+线上）', '出生医学证明一次办清', '覆盖首次签发、线上预约/联办、超期与补发的关键节点。', 'https://images.unsplash.com/photo-1576091160399-112ba8d25d1d?auto=format&fit=crop&w=800&q=80', 'certificate', '办证指南', '["出生医学证明","医院办理","线上办理","补发"]', 'guide', '## 办理时点\n建议出生后尽快办理，避免影响后续上户口与医保。\n\n## 医院窗口办理\n准备父母身份证件、分娩信息与拟定姓名，现场核验后签发。\n\n## 线上渠道\n部分医院与地区支持线上预约或通过政务平台办理联办事项，按页面提示上传材料。\n\n## 风险提示\n姓名打印后更改成本高，务必核对。\n\n## 信息更新时间\n2026-05（以签发医疗机构与当地卫健部门通知为准）', false, 'published', 6, '2026-05-02 09:00:00', '2026-05-02 09:00:00'),
('knowledge-007', '上户口全流程（需要材料+预约方式）', '新生儿落户流程拆解', '按广州常见场景整理随父/随母落户材料、预约入口与办理时限。', 'https://images.unsplash.com/photo-1450101499163-c8848c66ca85?auto=format&fit=crop&w=800&q=80', 'certificate', '办证指南', '["上户口","新生儿落户","预约方式","广州公安"]', 'guide', '## 办理前提\n先取得出生医学证明，再进入新生儿落户办理。\n\n## 材料清单\n常见为父母身份证、户口簿、结婚证、出生医学证明等；非婚生或特殊情形按窗口补充。\n\n## 预约与办理\n优先使用公安户政线上预约，到号后线下核验原件。\n\n## 办理结果\n完成后更新户口簿信息，可继续办理医保参保。\n\n## 信息更新时间\n2026-05（以广州公安户政最新指引为准）', false, 'published', 7, '2026-05-02 09:00:00', '2026-05-02 09:00:00'),
('knowledge-008', '少儿医保卡办理+绑定父母账户', '参保、缴费、绑定一次看懂', '包含广州新生儿居民医保参保、社保卡申领与父母代办绑定步骤。', 'https://images.unsplash.com/photo-1554224311-beee2f770c4f?auto=format&fit=crop&w=800&q=80', 'certificate', '办证指南', '["新生儿医保","广州医保","社保卡","家庭共济"]', 'guide', '## 办理顺序\n先完成新生儿户籍登记，再进行医保参保与缴费。\n\n## 办理渠道\n线上可通过医保/政务端口办理，线下可至街镇政务服务中心医保窗口。\n\n## 绑定父母账户\n按广州医保家庭共济规则，绑定后可使用父母医保个人账户支付部分费用（以政策开通范围为准）。\n\n## 时效提醒\n建议尽早参保，避免待遇起算滞后。\n\n## 信息更新时间\n2026-05（以广州医保经办口径为准）', false, 'published', 8, '2026-05-02 09:00:00', '2026-05-02 09:00:00'),
('knowledge-009', '疫苗接种本丢了怎么办？补办流程', '补证、补录、跨区接种处理', '说明接种证遗失后的补办路径、历史记录补录与跨区就近接种衔接方式。', 'https://images.unsplash.com/photo-1631217868264-e5b90bb7e133?auto=format&fit=crop&w=800&q=80', 'certificate', '办证指南', '["预防接种证","补办","疫苗记录","社区卫生服务中心"]', 'guide', '## 丢失后第一步\n尽快联系原接种门诊或现居住地接种门诊，说明儿童身份信息并申请补证。\n\n## 常见材料\n监护人身份证、儿童身份证明（户口簿/身份证）、既往接种线索。\n\n## 记录补录\n由门诊结合系统记录与纸质档案补录，缺失项需按门诊指引处理。\n\n## 跨区办理\n可先在现居住地建档，再同步既往接种史。\n\n## 信息更新时间\n2026-05（以属地预防接种门诊与疾控通知为准）', false, 'published', 9, '2026-05-02 09:00:00', '2026-05-02 09:00:00'),
('knowledge-010', '宝宝身份证办理（多大能办？有什么用？）', '出生即可办，很多场景都能用', '介绍未成年人身份证办理条件、材料、有效期与常见使用场景。', 'https://images.unsplash.com/photo-1454165804606-c3d57bc86b40?auto=format&fit=crop&w=800&q=80', 'certificate', '办证指南', '["宝宝身份证","未成年人证件","公安户政"]', 'guide', '## 多大可以办\n居民身份证无最低年龄限制，宝宝出生后即可在监护人陪同下申请。\n\n## 有什么用\n就医实名、出行购票、开户/投保、政务办理等场景都可使用。\n\n## 办理要点\n由监护人陪同，现场采集人像和信息，按窗口要求提交材料。\n\n## 有效期\n未满16周岁有效期通常为5年。\n\n## 信息更新时间\n2026-05（以广州公安户政窗口说明为准）', false, 'published', 10, '2026-05-02 09:00:00', '2026-05-02 09:00:00'),
('knowledge-011', '生育津贴申领条件+到账时间（广州为例）', '适用条件与到账节奏', '按广州口径整理生育津贴申请条件、申报路径、到账周期与常见卡点。', 'https://images.unsplash.com/photo-1579621970563-ebec7560ff3e?auto=format&fit=crop&w=800&q=80', 'certificate', '办证指南', '["生育津贴","广州","医保经办","到账时间"]', 'guide', '## 谁可以申领\n在职参保且符合生育保险政策条件的职工，通常由单位或个人按经办规则申报。\n\n## 怎么计算\n按生育保险政策中的计发基数与产假天数计算；不同单位情况会影响最终金额。\n\n## 到账时间\n材料齐全并审核通过后，一般在10-30个工作日内到账；高峰期可能延后。\n\n## 常见卡点\n参保连续性不足、材料不完整、账户信息异常。\n\n## 信息更新时间\n2026-05（以广州医保与人社最新通知为准）', false, 'published', 11, '2026-05-02 09:00:00', '2026-05-02 09:00:00'),
('knowledge-012', '异地户口如何在广州办居住证（用于宝宝医保）', '先登记再申领，医保衔接要点', '针对非广州户籍家庭，说明居住登记、居住证申领与宝宝医保办理衔接。', 'https://images.unsplash.com/photo-1434030216411-0b793f4b4173?auto=format&fit=crop&w=800&q=80', 'certificate', '办证指南', '["异地户口","广州居住证","宝宝医保","居住登记"]', 'guide', '## 先做居住登记\n在广州实际居住后先完成居住登记，再按条件申领居住证。\n\n## 常见条件\n通常需满足连续居住时长要求，并提供合法稳定住所/就业/就读证明之一。\n\n## 与宝宝医保衔接\n办理路径与待遇资格受户籍、参保地及政策年度规则影响，建议先到医保窗口核定。\n\n## 办理建议\n先咨询所在区街道服务中心，确认材料清单再预约，避免往返。\n\n## 信息更新时间\n2026-05（以广州来穗管理与医保经办口径为准）', false, 'published', 12, '2026-05-02 09:00:00', '2026-05-02 09:00:00');

-- 知识文章详细段落内容
INSERT INTO knowledge_article_sections (id, article_id, title, content, images_json, sort_order) VALUES
-- knowledge-005 宝宝出生后要办哪些证？一张流程图搞定
('section-005-1', 'knowledge-005', '时间轴总览', '出生当日：出生医学证明资料准备、预防接种首针登记。\n出生后1个月内：完成户口登记。\n出生后3个月内：完成医保参保并跟进社保卡。', '[]', 1),
('section-005-2', 'knowledge-005', '流程图（文字版）', '出生证明 → 户口登记 → 医保参保缴费 → 社保卡/医保电子凭证 → 其他按需证件（身份证/居住证）。', '[]', 2),
('section-005-3', 'knowledge-005', '常见漏办点', '漏掉户口导致医保无法顺利办理；错过参保时间导致待遇起算延后。', '[]', 3),
('section-005-4', 'knowledge-005', '复核提醒', '各区窗口所需材料可能有细微差异，预约前先电话确认。', '[]', 4),

-- knowledge-006 出生证明办理攻略（医院+线上）
('section-006-1', 'knowledge-006', '医院办理材料', '常见材料：父母身份证明、分娩信息、新生儿姓名确认信息。部分医院要求现场签字确认。', '[]', 1),
('section-006-2', 'knowledge-006', '医院办理流程', '窗口取号 → 核验材料 → 填写签发表单 → 信息复核 → 出证。', '[]', 2),
('section-006-3', 'knowledge-006', '线上办理场景', '部分地区可通过政务平台进行预约或联办，实际以医院与属地系统开放能力为准。', '[]', 3),
('section-006-4', 'knowledge-006', '补发说明', '遗失后一般需到原签发机构或按属地指引申请补发，需提供身份和情况说明材料。', '[]', 4),
('section-006-5', 'knowledge-006', '复核提醒', '姓名、出生时间、父母信息务必逐项核对，错误更正成本高。', '[]', 5),

-- knowledge-007 上户口全流程（需要材料+预约方式）
('section-007-1', 'knowledge-007', '办理条件与对象', '新生儿可随父或随母落户，需先取得出生医学证明。特殊家庭情形按公安户政要求补充材料。', '[]', 1),
('section-007-2', 'knowledge-007', '材料清单', '常见为：出生医学证明、父母身份证、户口簿、婚姻相关证明等。建议按预约页面逐项准备原件与复印件。', '[]', 2),
('section-007-3', 'knowledge-007', '预约方式', '使用广州公安户政线上预约渠道，选择就近受理点与时段。', '[]', 3),
('section-007-4', 'knowledge-007', '现场办理流程', '取号 → 材料核验 → 录入信息 → 审核出件。部分事项可当场办结。', '[]', 4),
('section-007-5', 'knowledge-007', '复核提醒', '预约前确认是否需父母双方到场，避免因到场要求不符导致改期。', '[]', 5),

-- knowledge-008 少儿医保卡办理+绑定父母账户
('section-008-1', 'knowledge-008', '参保前提', '新生儿完成户口登记后再办理居民医保参保最稳妥。', '[]', 1),
('section-008-2', 'knowledge-008', '办理渠道', '线上：政务/医保端口。线下：街镇政务服务中心医保窗口。', '[]', 2),
('section-008-3', 'knowledge-008', '所需材料', '常见为新生儿身份证明、户口信息、监护人身份证明及联系方式。', '[]', 3),
('section-008-4', 'knowledge-008', '绑定父母账户', '按家庭共济规则开通后，可在政策允许范围内使用父母医保个人账户支付相关费用。', '[]', 4),
('section-008-5', 'knowledge-008', '复核提醒', '缴费年度、待遇起算与绑定范围每年可能调整，办理前先核对。', '[]', 5),

-- knowledge-009 疫苗接种本丢了怎么办？补办流程
('section-009-1', 'knowledge-009', '先联系哪里', '先联系原接种门诊；无法确认时联系现居住地接种门诊或社区卫生服务中心。', '[]', 1),
('section-009-2', 'knowledge-009', '补办材料', '监护人身份证明、儿童身份证明、可证明既往接种的资料（如电子记录截图、旧照片）。', '[]', 2),
('section-009-3', 'knowledge-009', '记录补录流程', '门诊核验身份后补发接种证，并根据系统记录补录历史接种信息。', '[]', 3),
('section-009-4', 'knowledge-009', '跨区接种处理', '可先办理转入建档，再同步既往接种史，后续按本地程序预约接种。', '[]', 4),
('section-009-5', 'knowledge-009', '复核提醒', '若系统与纸质记录不一致，以门诊核验结果为准。', '[]', 5),

-- knowledge-010 宝宝身份证办理（多大能办？有什么用？）
('section-010-1', 'knowledge-010', '办理年龄', '居民身份证没有最低年龄限制，宝宝可在监护人陪同下办理。', '[]', 1),
('section-010-2', 'knowledge-010', '办理材料', '常见为监护人身份证明、儿童户口信息等，按预约点要求准备。', '[]', 2),
('section-010-3', 'knowledge-010', '办理流程', '预约 → 到场采集人像/信息 → 审核制证 → 领取或邮寄。', '[]', 3),
('section-010-4', 'knowledge-010', '使用场景', '就医实名、乘机乘车、银行/保险业务、政务事项办理等。', '[]', 4),
('section-010-5', 'knowledge-010', '复核提醒', '未满16周岁身份证有效期通常为5年，临近到期需及时换领。', '[]', 5),

-- knowledge-011 生育津贴申领条件+到账时间（广州为例）
('section-011-1', 'knowledge-011', '申领条件', '在职参保且符合生育保险政策条件，具体由医保经办审核认定。', '[]', 1),
('section-011-2', 'knowledge-011', '办理材料', '常见为身份信息、参保证明、生育相关证明材料、收款账户信息。', '[]', 2),
('section-011-3', 'knowledge-011', '申领流程', '线上或线下提交 → 经办审核 → 结果反馈 → 津贴发放。', '[]', 3),
('section-011-4', 'knowledge-011', '到账时间', '审核通过后通常10-30个工作日到账，节假日和高峰期可能顺延。', '[]', 4),
('section-011-5', 'knowledge-011', '复核提醒', '连续参保月数、单位申报状态、银行卡异常是常见延迟原因。', '[]', 5),

-- knowledge-012 异地户口如何在广州办居住证（用于宝宝医保）
('section-012-1', 'knowledge-012', '办理前准备', '先完成广州居住登记，再根据条件申请居住证。', '[]', 1),
('section-012-2', 'knowledge-012', '常见材料', '身份证明、居住证明、就业/就读/住所相关证明，按受理点清单提交。', '[]', 2),
('section-012-3', 'knowledge-012', '办理流程', '线上预约或线下受理 → 材料核验 → 审核制证 → 领取。', '[]', 3),
('section-012-4', 'knowledge-012', '用于宝宝医保的衔接', '居住证并不等于自动享受所有医保待遇，需同步核对宝宝参保地与缴费政策。', '[]', 4),
('section-012-5', 'knowledge-012', '复核提醒', '各区窗口对证明材料细项可能不同，办理前务必二次确认。', '[]', 5);

INSERT INTO user_knowledge_favorites (id, user_id, article_id, created_at) VALUES
('knowledge-fav-001', 'user-001', 'knowledge-001', '2026-04-08 20:10:00'),
('knowledge-fav-002', 'user-001', 'knowledge-003', '2026-04-10 07:40:00'),
('knowledge-fav-003', 'user-002', 'knowledge-002', '2026-04-09 21:00:00');

-- ── user_favorites（演示数据：user-001 收藏了 3 道食谱） ────────
INSERT INTO user_favorites (id, user_id, recipe_id, created_at) VALUES
('fav-001', 'user-001', 'recipe-001', '2026-04-08 09:12:00'),
('fav-002', 'user-001', 'recipe-004', '2026-04-09 10:35:00'),
('fav-003', 'user-001', 'recipe-009', '2026-04-10 08:50:00'),
-- user-002 收藏了 2 道食谱
('fav-004', 'user-002', 'recipe-004', '2026-04-07 14:22:00'),
('fav-005', 'user-002', 'recipe-010', '2026-04-09 16:45:00');

-- ── user_feedback（演示数据：2 条反馈，方便后台展示） ────────────
INSERT INTO user_feedback (id, user_id, content, created_at) VALUES
('feedback-001', 'user-001', '希望生成计划时可以选择食材偏好，比如不喜欢西兰花可以屏蔽掉。', '2026-04-09 21:30:00'),
('feedback-002', 'user-002', '月龄指南页面内容很实用，建议每个阶段加一个营养素达标参考表格。', '2026-04-10 07:15:00');
